Partida,Vitorias A,Vitorias B,Sets de A,Sets de B,Games de A,Games de B,Vitorias A (%),Vitorias B (%),Sets de A (%),Sets de B (%),Games de A (%),Games de B (%),Media de Sets,Desv padrao de Sets,Media de Games/Set,Desvio padrao de Games,Media de Pontos/Game,Desvio padrao de pontos
1,10,0,20,0,120,11,100.0,0.0,100.0,0.0,91.6030534351145,8.396946564885496,2,0.0,6.55,0.6863327411532597,8.526717557251908,2.990570422240827
2,3,7,11,14,115,126,30.0,70.0,44.0,56.00000000000001,47.71784232365145,52.282157676348554,2.5,0.5270462766947299,9.64,2.138535324312725,10.721991701244812,4.353338490928257
