Partida,Vitorias A,Vitorias B,Sets de A,Sets de B,Games de A,Games de B,Vitorias A (%),Vitorias B (%),Sets de A (%),Sets de B (%),Games de A (%),Games de B (%),Media de Sets,Desv padrao de Sets,Media de Games/Set,Desvio padrao de Games,Media de Pontos/Game,Desvio padrao de pontos
2,3,0,6,0,36,3,100.0,0.0,100.0,0.0,92.3076923076923,7.6923076923076925,2,0.0,6.5,0.5477225575051661,8.871794871794872,3.105000103224739
2,2,1,4,2,32,25,66.66666666666666,33.33333333333333,66.66666666666666,33.33333333333333,56.14035087719298,43.859649122807014,2,0.0,9.5,2.588435821108957,10.807017543859649,4.900577941467823
